question_id,group
WebQTest-0,expected
WebQTest-1,expected
WebQTest-3,expected
WebQTest-6,expected
WebQTest-7,expected
WebQTest-8,expected
WebQTest-9,expected
WebQTest-12,expected
WebQTest-13,expected
WebQTest-14,expected
WebQTest-16,expected
WebQTest-19,expected
WebQTest-20,expected
WebQTest-21,expected
WebQTest-22,expected
WebQTest-23,expected
WebQTest-24,expected
WebQTest-26,expected
WebQTest-28,expected
WebQTest-31,expected
WebQTest-32,expected
WebQTest-33,expected
WebQTest-34,expected
WebQTest-35,expected
WebQTest-36,expected
WebQTest-37,expected
WebQTest-38,expected
WebQTest-39,expected
WebQTest-41,expected
WebQTest-42,expected
WebQTest-43,expected
WebQTest-44,expected
WebQTest-45,expected
WebQTest-46,expected
WebQTest-47,expected
WebQTest-48,expected
WebQTest-49,expected
WebQTest-51,expected
WebQTest-52,expected
WebQTest-54,expected
WebQTest-55,expected
WebQTest-56,expected
WebQTest-58,query_mismatch
WebQTest-59,expected
WebQTest-60,expected
WebQTest-61,expected
WebQTest-62,expected
WebQTest-63,expected
WebQTest-64,expected
WebQTest-65,query_mismatch
WebQTest-66,expected
WebQTest-67,expected
WebQTest-68,expected
WebQTest-69,expected
WebQTest-71,expected
WebQTest-72,expected
WebQTest-73,expected
WebQTest-74,expected
WebQTest-75,expected
WebQTest-76,expected
WebQTest-77,expected
WebQTest-78,expected
WebQTest-79,expected
WebQTest-80,expected
WebQTest-82,expected
WebQTest-83,expected
WebQTest-84,expected
WebQTest-85,expected
WebQTest-86,expected
WebQTest-87,expected
WebQTest-88,expected
WebQTest-89,expected
WebQTest-90,expected
WebQTest-91,expected
WebQTest-93,expected
WebQTest-94,expected
WebQTest-95,expected
WebQTest-96,expected
WebQTest-97,expected
WebQTest-98,expected
WebQTest-99,expected
WebQTest-100,expected
WebQTest-102,expected
WebQTest-103,expected
WebQTest-104,expected
WebQTest-105,expected
WebQTest-106,expected
WebQTest-107,expected
WebQTest-108,expected
WebQTest-109,expected
WebQTest-110,expected
WebQTest-111,expected
WebQTest-112,expected
WebQTest-114,expected
WebQTest-115,expected
WebQTest-116,expected
WebQTest-118,expected
WebQTest-119,expected
WebQTest-121,expected
WebQTest-122,expected
WebQTest-123,expected
WebQTest-124,expected
WebQTest-125,expected
WebQTest-126,expected
WebQTest-127,expected
WebQTest-128,expected
WebQTest-129,expected
WebQTest-131,expected
WebQTest-132,expected
WebQTest-133,expected
WebQTest-134,expected
WebQTest-138,expected
WebQTest-139,expected
WebQTest-141,expected
WebQTest-142,expected
WebQTest-145,expected
WebQTest-146,expected
WebQTest-147,expected
WebQTest-149,expected
WebQTest-150,expected
WebQTest-153,expected
WebQTest-154,expected
WebQTest-155,expected
WebQTest-156,expected
WebQTest-157,expected
WebQTest-159,expected
WebQTest-160,expected
WebQTest-161,expected
WebQTest-162,expected
WebQTest-163,expected
WebQTest-164,expected
WebQTest-165,expected
WebQTest-166,expected
WebQTest-167,expected
WebQTest-168,expected
WebQTest-169,expected
WebQTest-170,expected
WebQTest-171,expected
WebQTest-172,expected
WebQTest-173,expected
WebQTest-174,expected
WebQTest-175,expected
WebQTest-176,expected
WebQTest-177,expected
WebQTest-178,expected
WebQTest-179,expected
WebQTest-180,expected
WebQTest-181,expected
WebQTest-182,expected
WebQTest-184,expected
WebQTest-185,expected
WebQTest-186,expected
WebQTest-187,expected
WebQTest-188,expected
WebQTest-189,expected
WebQTest-190,expected
WebQTest-191,expected
WebQTest-193,expected
WebQTest-194,expected
WebQTest-195,expected
WebQTest-196,expected
WebQTest-197,expected
WebQTest-199,expected
WebQTest-200,expected
WebQTest-201,expected
WebQTest-202,expected
WebQTest-204,expected
WebQTest-205,expected
WebQTest-206,expected
WebQTest-207,expected
WebQTest-209,expected
WebQTest-210,expected
WebQTest-211,expected
WebQTest-212,expected
WebQTest-213,expected
WebQTest-214,expected
WebQTest-215,expected
WebQTest-216,expected
WebQTest-217,expected
WebQTest-218,expected
WebQTest-220,expected
WebQTest-221,expected
WebQTest-222,expected
WebQTest-224,expected
WebQTest-225,expected
WebQTest-226,expected
WebQTest-227,expected
WebQTest-231,expected
WebQTest-232,expected
WebQTest-233,expected
WebQTest-234,expected
WebQTest-235,expected
WebQTest-237,expected
WebQTest-238,empty_gold
WebQTest-239,expected
WebQTest-240,expected
WebQTest-241,expected
WebQTest-243,expected
WebQTest-245,expected
WebQTest-246,expected
WebQTest-247,expected
WebQTest-248,expected
WebQTest-249,expected
WebQTest-250,expected
WebQTest-251,expected
WebQTest-252,expected
WebQTest-253,expected
WebQTest-254,expected
WebQTest-255,expected
WebQTest-256,expected
WebQTest-257,expected
WebQTest-258,expected
WebQTest-260,expected
WebQTest-261,expected
WebQTest-262,expected
WebQTest-264,expected
WebQTest-265,expected
WebQTest-266,expected
WebQTest-267,expected
WebQTest-268,expected
WebQTest-269,expected
WebQTest-270,expected
WebQTest-271,expected
WebQTest-273,expected
WebQTest-276,expected
WebQTest-277,expected
WebQTest-278,expected
WebQTest-279,expected
WebQTest-281,expected
WebQTest-282,expected
WebQTest-284,expected
WebQTest-286,expected
WebQTest-287,expected
WebQTest-289,expected
WebQTest-291,expected
WebQTest-294,expected
WebQTest-295,expected
WebQTest-296,expected
WebQTest-297,expected
WebQTest-298,expected
WebQTest-300,expected
WebQTest-301,expected
WebQTest-302,expected
WebQTest-303,expected
WebQTest-304,expected
WebQTest-305,expected
WebQTest-306,expected
WebQTest-308,expected
WebQTest-310,expected
WebQTest-311,expected
WebQTest-312,expected
WebQTest-313,expected
WebQTest-314,expected
WebQTest-315,expected
WebQTest-316,expected
WebQTest-317,expected
WebQTest-318,expected
WebQTest-321,expected
WebQTest-322,expected
WebQTest-323,expected
WebQTest-326,expected
WebQTest-327,expected
WebQTest-328,expected
WebQTest-329,expected
WebQTest-331,expected
WebQTest-333,expected
WebQTest-334,expected
WebQTest-335,expected
WebQTest-336,expected
WebQTest-337,expected
WebQTest-338,expected
WebQTest-339,expected
WebQTest-340,expected
WebQTest-341,expected
WebQTest-342,expected
WebQTest-343,expected
WebQTest-344,expected
WebQTest-346,expected
WebQTest-347,expected
WebQTest-349,expected
WebQTest-351,expected
WebQTest-352,expected
WebQTest-353,empty_gold
WebQTest-354,expected
WebQTest-356,expected
WebQTest-359,expected
WebQTest-360,expected
WebQTest-361,expected
WebQTest-362,expected
WebQTest-365,expected
WebQTest-366,expected
WebQTest-367,expected
WebQTest-370,expected
WebQTest-371,expected
WebQTest-374,expected
WebQTest-375,expected
WebQTest-376,expected
WebQTest-377,expected
WebQTest-379,expected
WebQTest-380,expected
WebQTest-381,expected
WebQTest-382,expected
WebQTest-383,expected
WebQTest-384,expected
WebQTest-385,expected
WebQTest-386,expected
WebQTest-388,expected
WebQTest-389,expected
WebQTest-390,expected
WebQTest-392,expected
WebQTest-393,expected
WebQTest-395,expected
WebQTest-396,expected
WebQTest-397,expected
WebQTest-398,expected
WebQTest-399,expected
WebQTest-400,expected
WebQTest-401,expected
WebQTest-402,expected
WebQTest-403,expected
WebQTest-404,expected
WebQTest-405,expected
WebQTest-406,expected
WebQTest-408,expected
WebQTest-409,expected
WebQTest-410,expected
WebQTest-414,expected
WebQTest-415,expected
WebQTest-416,expected
WebQTest-417,expected
WebQTest-418,expected
WebQTest-419,expected
WebQTest-420,expected
WebQTest-421,expected
WebQTest-422,expected
WebQTest-423,expected
WebQTest-425,expected
WebQTest-426,expected
WebQTest-427,expected
WebQTest-428,expected
WebQTest-430,expected
WebQTest-431,expected
WebQTest-432,expected
WebQTest-433,expected
WebQTest-434,expected
WebQTest-436,expected
WebQTest-437,expected
WebQTest-438,expected
WebQTest-439,expected
WebQTest-440,expected
WebQTest-441,expected
WebQTest-442,expected
WebQTest-443,expected
WebQTest-446,expected
WebQTest-447,expected
WebQTest-448,expected
WebQTest-449,expected
WebQTest-450,expected
WebQTest-451,expected
WebQTest-453,expected
WebQTest-454,expected
WebQTest-455,expected
WebQTest-456,expected
WebQTest-459,expected
WebQTest-461,expected
WebQTest-462,expected
WebQTest-463,expected
WebQTest-464,expected
WebQTest-465,expected
WebQTest-466,expected
WebQTest-467,expected
WebQTest-468,expected
WebQTest-469,expected
WebQTest-470,expected
WebQTest-472,expected
WebQTest-473,expected
WebQTest-474,expected
WebQTest-475,empty_gold
WebQTest-477,expected
WebQTest-479,expected
WebQTest-480,expected
WebQTest-481,expected
WebQTest-482,expected
WebQTest-484,expected
WebQTest-487,expected
WebQTest-488,expected
WebQTest-489,expected
WebQTest-490,expected
WebQTest-491,expected
WebQTest-492,expected
WebQTest-493,expected
WebQTest-497,expected
WebQTest-500,expected
WebQTest-501,expected
WebQTest-502,expected
WebQTest-503,expected
WebQTest-504,expected
WebQTest-506,expected
WebQTest-508,expected
WebQTest-509,expected
WebQTest-512,expected
WebQTest-513,expected
WebQTest-514,expected
WebQTest-515,expected
WebQTest-516,expected
WebQTest-517,expected
WebQTest-518,expected
WebQTest-519,expected
WebQTest-521,expected
WebQTest-522,expected
WebQTest-523,expected
WebQTest-524,expected
WebQTest-525,expected
WebQTest-526,expected
WebQTest-527,expected
WebQTest-528,expected
WebQTest-529,expected
WebQTest-530,expected
WebQTest-531,expected
WebQTest-532,expected
WebQTest-533,expected
WebQTest-534,expected
WebQTest-535,expected
WebQTest-537,expected
WebQTest-538,expected
WebQTest-540,expected
WebQTest-542,expected
WebQTest-543,expected
WebQTest-545,expected
WebQTest-546,expected
WebQTest-547,expected
WebQTest-548,expected
WebQTest-549,expected
WebQTest-550,expected
WebQTest-552,expected
WebQTest-554,expected
WebQTest-555,expected
WebQTest-556,expected
WebQTest-557,expected
WebQTest-559,expected
WebQTest-560,expected
WebQTest-561,expected
WebQTest-562,expected
WebQTest-564,expected
WebQTest-567,expected
WebQTest-568,expected
WebQTest-570,expected
WebQTest-572,expected
WebQTest-573,expected
WebQTest-575,expected
WebQTest-576,expected
WebQTest-577,expected
WebQTest-578,expected
WebQTest-579,expected
WebQTest-580,expected
WebQTest-581,expected
WebQTest-582,expected
WebQTest-583,expected
WebQTest-584,expected
WebQTest-585,expected
WebQTest-586,expected
WebQTest-588,expected
WebQTest-589,expected
WebQTest-590,expected
WebQTest-592,expected
WebQTest-593,expected
WebQTest-595,expected
WebQTest-596,expected
WebQTest-597,expected
WebQTest-599,expected
WebQTest-600,expected
WebQTest-602,expected
WebQTest-603,expected
WebQTest-604,expected
WebQTest-605,expected
WebQTest-606,expected
WebQTest-608,expected
WebQTest-609,expected
WebQTest-611,expected
WebQTest-612,expected
WebQTest-613,expected
WebQTest-614,expected
WebQTest-615,expected
WebQTest-616,expected
WebQTest-617,expected
WebQTest-618,expected
WebQTest-619,expected
WebQTest-620,expected
WebQTest-621,expected
WebQTest-622,expected
WebQTest-624,expected
WebQTest-626,expected
WebQTest-627,expected
WebQTest-628,expected
WebQTest-629,expected
WebQTest-630,expected
WebQTest-631,expected
WebQTest-633,expected
WebQTest-634,expected
WebQTest-635,expected
WebQTest-636,expected
WebQTest-637,expected
WebQTest-638,expected
WebQTest-639,expected
WebQTest-640,expected
WebQTest-642,expected
WebQTest-643,expected
WebQTest-644,expected
WebQTest-645,expected
WebQTest-646,expected
WebQTest-648,expected
WebQTest-649,expected
WebQTest-650,expected
WebQTest-651,expected
WebQTest-652,expected
WebQTest-653,expected
WebQTest-654,expected
WebQTest-655,expected
WebQTest-656,expected
WebQTest-657,expected
WebQTest-658,expected
WebQTest-659,expected
WebQTest-661,expected
WebQTest-662,expected
WebQTest-663,expected
WebQTest-664,expected
WebQTest-665,expected
WebQTest-666,expected
WebQTest-667,expected
WebQTest-668,expected
WebQTest-669,expected
WebQTest-670,expected
WebQTest-671,query_mismatch
WebQTest-672,expected
WebQTest-673,expected
WebQTest-675,expected
WebQTest-676,expected
WebQTest-677,expected
WebQTest-678,expected
WebQTest-680,expected
WebQTest-681,expected
WebQTest-683,expected
WebQTest-684,expected
WebQTest-685,expected
WebQTest-686,expected
WebQTest-688,expected
WebQTest-689,expected
WebQTest-690,expected
WebQTest-691,expected
WebQTest-693,expected
WebQTest-694,expected
WebQTest-695,expected
WebQTest-696,expected
WebQTest-698,expected
WebQTest-699,expected
WebQTest-700,expected
WebQTest-701,expected
WebQTest-702,expected
WebQTest-703,expected
WebQTest-704,expected
WebQTest-706,expected
WebQTest-707,expected
WebQTest-708,expected
WebQTest-709,expected
WebQTest-710,expected
WebQTest-711,expected
WebQTest-712,expected
WebQTest-713,expected
WebQTest-714,expected
WebQTest-716,expected
WebQTest-717,expected
WebQTest-718,expected
WebQTest-719,expected
WebQTest-721,expected
WebQTest-722,empty_gold
WebQTest-723,expected
WebQTest-724,expected
WebQTest-725,expected
WebQTest-726,expected
WebQTest-728,expected
WebQTest-729,expected
WebQTest-730,expected
WebQTest-731,expected
WebQTest-733,expected
WebQTest-734,expected
WebQTest-735,expected
WebQTest-737,expected
WebQTest-738,expected
WebQTest-739,expected
WebQTest-740,expected
WebQTest-741,expected
WebQTest-742,expected
WebQTest-743,expected
WebQTest-744,expected
WebQTest-745,expected
WebQTest-747,expected
WebQTest-748,expected
WebQTest-749,expected
WebQTest-751,expected
WebQTest-752,expected
WebQTest-753,expected
WebQTest-755,expected
WebQTest-756,expected
WebQTest-757,expected
WebQTest-758,expected
WebQTest-759,expected
WebQTest-760,expected
WebQTest-761,expected
WebQTest-762,expected
WebQTest-764,expected
WebQTest-765,expected
WebQTest-766,expected
WebQTest-768,expected
WebQTest-769,expected
WebQTest-770,expected
WebQTest-771,query_mismatch
WebQTest-772,expected
WebQTest-773,expected
WebQTest-774,expected
WebQTest-775,expected
WebQTest-776,expected
WebQTest-777,expected
WebQTest-778,expected
WebQTest-779,expected
WebQTest-780,expected
WebQTest-782,expected
WebQTest-783,expected
WebQTest-784,expected
WebQTest-785,expected
WebQTest-787,expected
WebQTest-788,expected
WebQTest-789,expected
WebQTest-790,expected
WebQTest-791,expected
WebQTest-792,expected
WebQTest-794,expected
WebQTest-796,expected
WebQTest-797,expected
WebQTest-798,expected
WebQTest-800,query_mismatch
WebQTest-801,expected
WebQTest-802,expected
WebQTest-805,expected
WebQTest-809,expected
WebQTest-810,expected
WebQTest-811,expected
WebQTest-812,expected
WebQTest-813,expected
WebQTest-814,expected
WebQTest-818,expected
WebQTest-819,expected
WebQTest-820,expected
WebQTest-821,expected
WebQTest-822,expected
WebQTest-823,expected
WebQTest-825,expected
WebQTest-827,expected
WebQTest-828,expected
WebQTest-829,expected
WebQTest-830,expected
WebQTest-831,expected
WebQTest-832,expected
WebQTest-833,expected
WebQTest-834,expected
WebQTest-836,expected
WebQTest-837,expected
WebQTest-838,expected
WebQTest-841,expected
WebQTest-843,expected
WebQTest-845,expected
WebQTest-846,expected
WebQTest-847,expected
WebQTest-848,expected
WebQTest-849,expected
WebQTest-850,expected
WebQTest-851,expected
WebQTest-852,expected
WebQTest-855,expected
WebQTest-856,expected
WebQTest-857,expected
WebQTest-859,expected
WebQTest-861,expected
WebQTest-862,expected
WebQTest-863,empty_gold
WebQTest-865,expected
WebQTest-866,expected
WebQTest-867,expected
WebQTest-868,expected
WebQTest-869,expected
WebQTest-870,expected
WebQTest-872,expected
WebQTest-873,expected
WebQTest-874,expected
WebQTest-875,expected
WebQTest-876,expected
WebQTest-877,expected
WebQTest-878,expected
WebQTest-879,expected
WebQTest-880,expected
WebQTest-881,expected
WebQTest-882,expected
WebQTest-883,expected
WebQTest-884,expected
WebQTest-885,expected
WebQTest-886,expected
WebQTest-887,expected
WebQTest-888,expected
WebQTest-889,expected
WebQTest-891,expected
WebQTest-892,expected
WebQTest-893,expected
WebQTest-894,expected
WebQTest-895,expected
WebQTest-896,expected
WebQTest-897,empty_gold
WebQTest-898,expected
WebQTest-899,expected
WebQTest-900,expected
WebQTest-901,expected
WebQTest-903,expected
WebQTest-904,expected
WebQTest-905,expected
WebQTest-908,expected
WebQTest-910,expected
WebQTest-911,expected
WebQTest-912,expected
WebQTest-914,expected
WebQTest-915,expected
WebQTest-916,expected
WebQTest-918,expected
WebQTest-919,expected
WebQTest-920,expected
WebQTest-921,expected
WebQTest-922,expected
WebQTest-923,expected
WebQTest-924,expected
WebQTest-925,expected
WebQTest-927,expected
WebQTest-928,expected
WebQTest-929,expected
WebQTest-931,expected
WebQTest-932,expected
WebQTest-933,expected
WebQTest-935,expected
WebQTest-936,expected
WebQTest-937,expected
WebQTest-938,expected
WebQTest-939,expected
WebQTest-941,expected
WebQTest-942,expected
WebQTest-943,expected
WebQTest-944,expected
WebQTest-945,expected
WebQTest-948,expected
WebQTest-949,expected
WebQTest-952,expected
WebQTest-953,expected
WebQTest-954,expected
WebQTest-955,expected
WebQTest-957,expected
WebQTest-958,expected
WebQTest-959,expected
WebQTest-960,expected
WebQTest-962,expected
WebQTest-963,expected
WebQTest-965,expected
WebQTest-966,expected
WebQTest-967,expected
WebQTest-968,expected
WebQTest-969,expected
WebQTest-970,expected
WebQTest-971,expected
WebQTest-972,expected
WebQTest-973,expected
WebQTest-974,empty_gold
WebQTest-975,expected
WebQTest-976,expected
WebQTest-977,expected
WebQTest-978,expected
WebQTest-979,expected
WebQTest-980,expected
WebQTest-982,expected
WebQTest-983,expected
WebQTest-984,expected
WebQTest-985,expected
WebQTest-986,expected
WebQTest-987,expected
WebQTest-988,expected
WebQTest-989,expected
WebQTest-990,expected
WebQTest-991,expected
WebQTest-993,expected
WebQTest-994,expected
WebQTest-996,expected
WebQTest-997,expected
WebQTest-998,expected
WebQTest-999,expected
WebQTest-1000,expected
WebQTest-1001,expected
WebQTest-1002,expected
WebQTest-1003,expected
WebQTest-1004,expected
WebQTest-1005,expected
WebQTest-1006,expected
WebQTest-1007,expected
WebQTest-1008,expected
WebQTest-1009,expected
WebQTest-1010,expected
WebQTest-1011,expected
WebQTest-1012,expected
WebQTest-1014,expected
WebQTest-1015,expected
WebQTest-1017,expected
WebQTest-1020,expected
WebQTest-1021,expected
WebQTest-1022,expected
WebQTest-1024,expected
WebQTest-1025,expected
WebQTest-1027,expected
WebQTest-1028,expected
WebQTest-1029,expected
WebQTest-1030,expected
WebQTest-1031,expected
WebQTest-1032,expected
WebQTest-1033,expected
WebQTest-1035,expected
WebQTest-1036,expected
WebQTest-1037,expected
WebQTest-1038,expected
WebQTest-1039,expected
WebQTest-1040,expected
WebQTest-1041,expected
WebQTest-1042,expected
WebQTest-1043,expected
WebQTest-1044,expected
WebQTest-1045,expected
WebQTest-1046,expected
WebQTest-1047,expected
WebQTest-1048,expected
WebQTest-1050,expected
WebQTest-1051,expected
WebQTest-1052,expected
WebQTest-1054,expected
WebQTest-1055,expected
WebQTest-1056,expected
WebQTest-1057,expected
WebQTest-1059,expected
WebQTest-1060,expected
WebQTest-1061,expected
WebQTest-1062,expected
WebQTest-1063,expected
WebQTest-1065,expected
WebQTest-1067,expected
WebQTest-1068,expected
WebQTest-1069,expected
WebQTest-1070,expected
WebQTest-1072,expected
WebQTest-1074,expected
WebQTest-1075,expected
WebQTest-1077,expected
WebQTest-1078,expected
WebQTest-1079,expected
WebQTest-1080,expected
WebQTest-1081,expected
WebQTest-1082,expected
WebQTest-1083,expected
WebQTest-1084,expected
WebQTest-1085,expected
WebQTest-1087,expected
WebQTest-1088,query_mismatch
WebQTest-1089,expected
WebQTest-1090,expected
WebQTest-1091,expected
WebQTest-1092,expected
WebQTest-1094,expected
WebQTest-1095,expected
WebQTest-1096,expected
WebQTest-1097,expected
WebQTest-1098,expected
WebQTest-1099,expected
WebQTest-1100,expected
WebQTest-1101,expected
WebQTest-1102,expected
WebQTest-1103,expected
WebQTest-1104,expected
WebQTest-1106,expected
WebQTest-1107,expected
WebQTest-1108,expected
WebQTest-1109,expected
WebQTest-1110,expected
WebQTest-1111,expected
WebQTest-1113,expected
WebQTest-1114,expected
WebQTest-1115,expected
WebQTest-1116,expected
WebQTest-1117,expected
WebQTest-1118,expected
WebQTest-1119,expected
WebQTest-1120,expected
WebQTest-1121,expected
WebQTest-1124,expected
WebQTest-1125,expected
WebQTest-1126,expected
WebQTest-1127,expected
WebQTest-1130,expected
WebQTest-1131,expected
WebQTest-1132,expected
WebQTest-1133,expected
WebQTest-1135,expected
WebQTest-1136,expected
WebQTest-1137,expected
WebQTest-1138,expected
WebQTest-1142,expected
WebQTest-1143,expected
WebQTest-1144,expected
WebQTest-1145,expected
WebQTest-1146,expected
WebQTest-1147,expected
WebQTest-1148,expected
WebQTest-1149,expected
WebQTest-1151,expected
WebQTest-1152,expected
WebQTest-1153,expected
WebQTest-1154,query_mismatch
WebQTest-1155,expected
WebQTest-1156,expected
WebQTest-1160,expected
WebQTest-1161,expected
WebQTest-1163,expected
WebQTest-1164,expected
WebQTest-1166,expected
WebQTest-1168,expected
WebQTest-1169,expected
WebQTest-1170,expected
WebQTest-1171,expected
WebQTest-1173,expected
WebQTest-1174,expected
WebQTest-1175,expected
WebQTest-1176,expected
WebQTest-1177,expected
WebQTest-1178,expected
WebQTest-1179,expected
WebQTest-1180,expected
WebQTest-1181,expected
WebQTest-1183,expected
WebQTest-1185,expected
WebQTest-1186,expected
WebQTest-1187,expected
WebQTest-1189,expected
WebQTest-1191,expected
WebQTest-1192,expected
WebQTest-1194,expected
WebQTest-1195,expected
WebQTest-1197,expected
WebQTest-1198,expected
WebQTest-1199,expected
WebQTest-1200,expected
WebQTest-1201,expected
WebQTest-1203,expected
WebQTest-1204,expected
WebQTest-1205,expected
WebQTest-1206,expected
WebQTest-1208,empty_gold
WebQTest-1209,expected
WebQTest-1210,expected
WebQTest-1212,expected
WebQTest-1213,expected
WebQTest-1215,expected
WebQTest-1216,expected
WebQTest-1217,expected
WebQTest-1219,expected
WebQTest-1220,expected
WebQTest-1221,expected
WebQTest-1223,expected
WebQTest-1225,expected
WebQTest-1226,expected
WebQTest-1227,expected
WebQTest-1228,expected
WebQTest-1229,expected
WebQTest-1230,expected
WebQTest-1231,expected
WebQTest-1232,expected
WebQTest-1233,expected
WebQTest-1234,expected
WebQTest-1235,expected
WebQTest-1237,expected
WebQTest-1238,expected
WebQTest-1239,expected
WebQTest-1240,expected
WebQTest-1241,expected
WebQTest-1242,expected
WebQTest-1244,expected
WebQTest-1245,expected
WebQTest-1246,expected
WebQTest-1247,expected
WebQTest-1248,expected
WebQTest-1249,expected
WebQTest-1250,expected
WebQTest-1251,expected
WebQTest-1252,expected
WebQTest-1254,expected
WebQTest-1255,expected
WebQTest-1256,expected
WebQTest-1257,expected
WebQTest-1259,expected
WebQTest-1260,expected
WebQTest-1261,expected
WebQTest-1262,expected
WebQTest-1263,expected
WebQTest-1264,expected
WebQTest-1265,expected
WebQTest-1266,expected
WebQTest-1267,expected
WebQTest-1268,expected
WebQTest-1269,expected
WebQTest-1270,expected
WebQTest-1271,expected
WebQTest-1272,expected
WebQTest-1274,expected
WebQTest-1275,expected
WebQTest-1276,expected
WebQTest-1277,expected
WebQTest-1278,expected
WebQTest-1279,expected
WebQTest-1280,expected
WebQTest-1281,expected
WebQTest-1282,expected
WebQTest-1284,expected
WebQTest-1285,expected
WebQTest-1287,expected
WebQTest-1289,expected
WebQTest-1291,expected
WebQTest-1292,expected
WebQTest-1293,expected
WebQTest-1294,expected
WebQTest-1295,expected
WebQTest-1296,expected
WebQTest-1297,expected
WebQTest-1298,expected
WebQTest-1300,expected
WebQTest-1301,expected
WebQTest-1303,expected
WebQTest-1304,expected
WebQTest-1305,expected
WebQTest-1306,expected
WebQTest-1307,expected
WebQTest-1308,expected
WebQTest-1309,expected
WebQTest-1310,expected
WebQTest-1311,expected
WebQTest-1312,expected
WebQTest-1313,expected
WebQTest-1314,expected
WebQTest-1316,expected
WebQTest-1317,expected
WebQTest-1319,expected
WebQTest-1320,expected
WebQTest-1321,expected
WebQTest-1322,expected
WebQTest-1323,expected
WebQTest-1324,expected
WebQTest-1325,expected
WebQTest-1326,expected
WebQTest-1327,expected
WebQTest-1328,expected
WebQTest-1329,expected
WebQTest-1330,expected
WebQTest-1331,expected
WebQTest-1332,expected
WebQTest-1333,expected
WebQTest-1334,expected
WebQTest-1335,expected
WebQTest-1336,expected
WebQTest-1337,expected
WebQTest-1339,expected
WebQTest-1340,expected
WebQTest-1341,expected
WebQTest-1342,expected
WebQTest-1343,expected
WebQTest-1344,expected
WebQTest-1348,expected
WebQTest-1350,expected
WebQTest-1351,expected
WebQTest-1353,expected
WebQTest-1354,expected
WebQTest-1355,expected
WebQTest-1356,expected
WebQTest-1357,expected
WebQTest-1358,expected
WebQTest-1359,expected
WebQTest-1361,expected
WebQTest-1362,expected
WebQTest-1363,expected
WebQTest-1364,expected
WebQTest-1365,expected
WebQTest-1366,expected
WebQTest-1367,expected
WebQTest-1368,expected
WebQTest-1369,expected
WebQTest-1370,expected
WebQTest-1373,expected
WebQTest-1374,expected
WebQTest-1376,expected
WebQTest-1378,expected
WebQTest-1379,expected
WebQTest-1380,expected
WebQTest-1381,expected
WebQTest-1382,expected
WebQTest-1383,expected
WebQTest-1384,expected
WebQTest-1385,expected
WebQTest-1387,expected
WebQTest-1388,expected
WebQTest-1389,expected
WebQTest-1390,expected
WebQTest-1391,empty_gold
WebQTest-1392,expected
WebQTest-1394,expected
WebQTest-1395,expected
WebQTest-1396,expected
WebQTest-1398,expected
WebQTest-1399,expected
WebQTest-1402,expected
WebQTest-1403,expected
WebQTest-1405,expected
WebQTest-1408,expected
WebQTest-1409,expected
WebQTest-1410,expected
WebQTest-1414,expected
WebQTest-1416,expected
WebQTest-1417,expected
WebQTest-1418,expected
WebQTest-1419,expected
WebQTest-1420,expected
WebQTest-1421,expected
WebQTest-1422,expected
WebQTest-1423,expected
WebQTest-1424,expected
WebQTest-1425,expected
WebQTest-1426,expected
WebQTest-1427,expected
WebQTest-1428,expected
WebQTest-1429,expected
WebQTest-1432,expected
WebQTest-1433,expected
WebQTest-1434,expected
WebQTest-1435,expected
WebQTest-1436,expected
WebQTest-1441,expected
WebQTest-1442,expected
WebQTest-1443,expected
WebQTest-1445,expected
WebQTest-1446,expected
WebQTest-1447,expected
WebQTest-1448,expected
WebQTest-1449,expected
WebQTest-1452,expected
WebQTest-1453,expected
WebQTest-1454,expected
WebQTest-1455,expected
WebQTest-1456,expected
WebQTest-1457,expected
WebQTest-1458,expected
WebQTest-1459,expected
WebQTest-1460,expected
WebQTest-1461,expected
WebQTest-1462,expected
WebQTest-1463,expected
WebQTest-1464,expected
WebQTest-1465,expected
WebQTest-1467,expected
WebQTest-1468,expected
WebQTest-1470,expected
WebQTest-1471,expected
WebQTest-1472,expected
WebQTest-1473,expected
WebQTest-1475,expected
WebQTest-1477,expected
WebQTest-1478,expected
WebQTest-1479,expected
WebQTest-1480,expected
WebQTest-1481,expected
WebQTest-1482,expected
WebQTest-1483,expected
WebQTest-1484,expected
WebQTest-1485,expected
WebQTest-1486,expected
WebQTest-1487,expected
WebQTest-1488,expected
WebQTest-1489,expected
WebQTest-1490,expected
WebQTest-1493,expected
WebQTest-1494,expected
WebQTest-1495,expected
WebQTest-1496,expected
WebQTest-1499,expected
WebQTest-1500,expected
WebQTest-1501,expected
WebQTest-1502,expected
WebQTest-1503,expected
WebQTest-1504,expected
WebQTest-1506,expected
WebQTest-1507,expected
WebQTest-1508,expected
WebQTest-1510,expected
WebQTest-1513,expected
WebQTest-1515,expected
WebQTest-1516,expected
WebQTest-1518,expected
WebQTest-1519,expected
WebQTest-1520,expected
WebQTest-1522,expected
WebQTest-1523,expected
WebQTest-1524,expected
WebQTest-1525,expected
WebQTest-1526,expected
WebQTest-1527,expected
WebQTest-1528,expected
WebQTest-1529,expected
WebQTest-1531,expected
WebQTest-1533,expected
WebQTest-1534,expected
WebQTest-1535,expected
WebQTest-1536,expected
WebQTest-1537,expected
WebQTest-1538,expected
WebQTest-1539,query_mismatch
WebQTest-1540,expected
WebQTest-1541,expected
WebQTest-1542,expected
WebQTest-1543,expected
WebQTest-1544,expected
WebQTest-1546,expected
WebQTest-1547,expected
WebQTest-1548,expected
WebQTest-1550,expected
WebQTest-1551,expected
WebQTest-1553,expected
WebQTest-1554,expected
WebQTest-1555,expected
WebQTest-1556,expected
WebQTest-1557,expected
WebQTest-1558,expected
WebQTest-1559,expected
WebQTest-1560,expected
WebQTest-1561,expected
WebQTest-1562,expected
WebQTest-1563,expected
WebQTest-1564,expected
WebQTest-1565,expected
WebQTest-1566,expected
WebQTest-1567,expected
WebQTest-1568,expected
WebQTest-1569,expected
WebQTest-1570,expected
WebQTest-1571,expected
WebQTest-1572,expected
WebQTest-1573,expected
WebQTest-1574,expected
WebQTest-1575,expected
WebQTest-1577,expected
WebQTest-1580,expected
WebQTest-1582,expected
WebQTest-1583,expected
WebQTest-1584,expected
WebQTest-1585,expected
WebQTest-1586,expected
WebQTest-1587,expected
WebQTest-1589,expected
WebQTest-1590,expected
WebQTest-1591,expected
WebQTest-1592,expected
WebQTest-1593,expected
WebQTest-1595,expected
WebQTest-1596,expected
WebQTest-1597,expected
WebQTest-1598,expected
WebQTest-1599,expected
WebQTest-1600,empty_gold
WebQTest-1603,expected
WebQTest-1604,expected
WebQTest-1607,expected
WebQTest-1608,expected
WebQTest-1609,expected
WebQTest-1610,expected
WebQTest-1611,expected
WebQTest-1612,expected
WebQTest-1613,expected
WebQTest-1614,expected
WebQTest-1615,expected
WebQTest-1616,expected
WebQTest-1617,expected
WebQTest-1618,expected
WebQTest-1619,expected
WebQTest-1620,expected
WebQTest-1621,expected
WebQTest-1622,expected
WebQTest-1623,expected
WebQTest-1624,expected
WebQTest-1625,expected
WebQTest-1626,expected
WebQTest-1627,expected
WebQTest-1628,expected
WebQTest-1629,expected
WebQTest-1630,expected
WebQTest-1631,expected
WebQTest-1632,expected
WebQTest-1633,expected
WebQTest-1634,expected
WebQTest-1635,expected
WebQTest-1637,expected
WebQTest-1638,expected
WebQTest-1639,expected
WebQTest-1640,expected
WebQTest-1641,expected
WebQTest-1643,expected
WebQTest-1644,expected
WebQTest-1646,expected
WebQTest-1648,expected
WebQTest-1649,expected
WebQTest-1650,expected
WebQTest-1652,expected
WebQTest-1653,expected
WebQTest-1654,expected
WebQTest-1655,expected
WebQTest-1656,expected
WebQTest-1657,expected
WebQTest-1658,expected
WebQTest-1659,expected
WebQTest-1661,expected
WebQTest-1662,expected
WebQTest-1663,expected
WebQTest-1664,expected
WebQTest-1665,expected
WebQTest-1666,expected
WebQTest-1667,expected
WebQTest-1668,expected
WebQTest-1669,expected
WebQTest-1670,expected
WebQTest-1671,expected
WebQTest-1672,expected
WebQTest-1673,expected
WebQTest-1674,expected
WebQTest-1675,expected
WebQTest-1676,expected
WebQTest-1677,expected
WebQTest-1678,expected
WebQTest-1679,expected
WebQTest-1680,expected
WebQTest-1682,expected
WebQTest-1683,expected
WebQTest-1684,expected
WebQTest-1685,expected
WebQTest-1686,expected
WebQTest-1687,expected
WebQTest-1688,expected
WebQTest-1690,expected
WebQTest-1691,expected
WebQTest-1694,expected
WebQTest-1695,expected
WebQTest-1696,expected
WebQTest-1698,expected
WebQTest-1699,expected
WebQTest-1700,expected
WebQTest-1701,expected
WebQTest-1702,expected
WebQTest-1703,empty_gold
WebQTest-1705,expected
WebQTest-1706,expected
WebQTest-1707,expected
WebQTest-1708,expected
WebQTest-1710,expected
WebQTest-1711,expected
WebQTest-1712,expected
WebQTest-1713,expected
WebQTest-1714,expected
WebQTest-1715,expected
WebQTest-1716,expected
WebQTest-1719,query_mismatch
WebQTest-1721,expected
WebQTest-1723,expected
WebQTest-1724,expected
WebQTest-1725,expected
WebQTest-1726,expected
WebQTest-1727,expected
WebQTest-1728,expected
WebQTest-1729,query_mismatch
WebQTest-1730,expected
WebQTest-1731,expected
WebQTest-1732,expected
WebQTest-1733,expected
WebQTest-1734,expected
WebQTest-1735,expected
WebQTest-1736,expected
WebQTest-1737,expected
WebQTest-1738,expected
WebQTest-1739,expected
WebQTest-1740,expected
WebQTest-1741,expected
WebQTest-1742,expected
WebQTest-1744,expected
WebQTest-1746,expected
WebQTest-1748,expected
WebQTest-1750,expected
WebQTest-1751,expected
WebQTest-1752,expected
WebQTest-1753,expected
WebQTest-1754,expected
WebQTest-1755,expected
WebQTest-1756,expected
WebQTest-1757,expected
WebQTest-1758,expected
WebQTest-1759,expected
WebQTest-1760,expected
WebQTest-1761,expected
WebQTest-1763,expected
WebQTest-1764,expected
WebQTest-1765,expected
WebQTest-1766,expected
WebQTest-1767,expected
WebQTest-1768,expected
WebQTest-1769,expected
WebQTest-1770,expected
WebQTest-1771,expected
WebQTest-1772,expected
WebQTest-1773,expected
WebQTest-1774,expected
WebQTest-1775,expected
WebQTest-1776,expected
WebQTest-1777,expected
WebQTest-1779,expected
WebQTest-1780,expected
WebQTest-1781,expected
WebQTest-1782,expected
WebQTest-1784,expected
WebQTest-1785,expected
WebQTest-1788,expected
WebQTest-1789,expected
WebQTest-1790,expected
WebQTest-1791,expected
WebQTest-1792,expected
WebQTest-1793,expected
WebQTest-1794,expected
WebQTest-1795,expected
WebQTest-1796,expected
WebQTest-1797,expected
WebQTest-1799,expected
WebQTest-1800,expected
WebQTest-1801,expected
WebQTest-1802,expected
WebQTest-1803,expected
WebQTest-1804,expected
WebQTest-1805,expected
WebQTest-1806,expected
WebQTest-1807,expected
WebQTest-1808,expected
WebQTest-1809,expected
WebQTest-1810,expected
WebQTest-1811,expected
WebQTest-1812,expected
WebQTest-1813,expected
WebQTest-1815,expected
WebQTest-1817,expected
WebQTest-1818,expected
WebQTest-1819,expected
WebQTest-1821,expected
WebQTest-1822,expected
WebQTest-1823,expected
WebQTest-1824,expected
WebQTest-1825,expected
WebQTest-1826,expected
WebQTest-1827,expected
WebQTest-1828,expected
WebQTest-1829,expected
WebQTest-1830,expected
WebQTest-1833,expected
WebQTest-1835,expected
WebQTest-1836,expected
WebQTest-1838,expected
WebQTest-1839,expected
WebQTest-1840,expected
WebQTest-1842,expected
WebQTest-1843,expected
WebQTest-1844,expected
WebQTest-1845,expected
WebQTest-1847,expected
WebQTest-1848,expected
WebQTest-1849,expected
WebQTest-1850,expected
WebQTest-1851,expected
WebQTest-1853,expected
WebQTest-1854,expected
WebQTest-1855,expected
WebQTest-1857,expected
WebQTest-1858,expected
WebQTest-1860,expected
WebQTest-1861,expected
WebQTest-1864,expected
WebQTest-1865,expected
WebQTest-1866,expected
WebQTest-1868,expected
WebQTest-1870,expected
WebQTest-1871,expected
WebQTest-1873,expected
WebQTest-1874,expected
WebQTest-1875,expected
WebQTest-1876,expected
WebQTest-1877,expected
WebQTest-1878,expected
WebQTest-1879,expected
WebQTest-1880,expected
WebQTest-1881,expected
WebQTest-1882,expected
WebQTest-1883,expected
WebQTest-1884,expected
WebQTest-1885,expected
WebQTest-1886,expected
WebQTest-1887,expected
WebQTest-1888,expected
WebQTest-1889,expected
WebQTest-1890,expected
WebQTest-1891,expected
WebQTest-1892,expected
WebQTest-1893,expected
WebQTest-1894,expected
WebQTest-1895,expected
WebQTest-1896,expected
WebQTest-1897,expected
WebQTest-1898,expected
WebQTest-1899,expected
WebQTest-1900,expected
WebQTest-1901,expected
WebQTest-1902,expected
WebQTest-1904,expected
WebQTest-1905,expected
WebQTest-1907,expected
WebQTest-1909,expected
WebQTest-1910,expected
WebQTest-1911,expected
WebQTest-1912,expected
WebQTest-1913,expected
WebQTest-1914,expected
WebQTest-1915,expected
WebQTest-1916,expected
WebQTest-1917,expected
WebQTest-1919,expected
WebQTest-1920,expected
WebQTest-1921,expected
WebQTest-1922,expected
WebQTest-1923,expected
WebQTest-1925,expected
WebQTest-1926,expected
WebQTest-1928,expected
WebQTest-1929,expected
WebQTest-1932,expected
WebQTest-1933,expected
WebQTest-1934,expected
WebQTest-1935,expected
WebQTest-1936,expected
WebQTest-1937,expected
WebQTest-1938,expected
WebQTest-1939,expected
WebQTest-1940,expected
WebQTest-1941,expected
WebQTest-1942,expected
WebQTest-1943,expected
WebQTest-1944,expected
WebQTest-1946,expected
WebQTest-1947,expected
WebQTest-1950,expected
WebQTest-1952,expected
WebQTest-1954,expected
WebQTest-1955,expected
WebQTest-1956,expected
WebQTest-1957,expected
WebQTest-1958,expected
WebQTest-1960,expected
WebQTest-1961,expected
WebQTest-1962,expected
WebQTest-1963,expected
WebQTest-1964,expected
WebQTest-1965,expected
WebQTest-1966,expected
WebQTest-1967,expected
WebQTest-1968,expected
WebQTest-1969,expected
WebQTest-1971,expected
WebQTest-1972,expected
WebQTest-1975,expected
WebQTest-1976,expected
WebQTest-1977,expected
WebQTest-1978,expected
WebQTest-1979,expected
WebQTest-1981,expected
WebQTest-1982,expected
WebQTest-1985,expected
WebQTest-1986,expected
WebQTest-1987,expected
WebQTest-1988,expected
WebQTest-1990,expected
WebQTest-1991,expected
WebQTest-1992,expected
WebQTest-1993,expected
WebQTest-1994,expected
WebQTest-1996,expected
WebQTest-1997,expected
WebQTest-1998,expected
WebQTest-1999,expected
WebQTest-2000,expected
WebQTest-2001,expected
WebQTest-2002,expected
WebQTest-2003,expected
WebQTest-2004,expected
WebQTest-2005,expected
WebQTest-2006,expected
WebQTest-2007,expected
WebQTest-2008,expected
WebQTest-2009,expected
WebQTest-2010,expected
WebQTest-2011,expected
WebQTest-2012,expected
WebQTest-2013,expected
WebQTest-2014,expected
WebQTest-2015,expected
WebQTest-2016,expected
WebQTest-2017,expected
WebQTest-2018,expected
WebQTest-2019,query_mismatch
WebQTest-2020,expected
WebQTest-2021,expected
WebQTest-2022,expected
WebQTest-2023,expected
WebQTest-2024,expected
WebQTest-2025,expected
WebQTest-2027,expected
WebQTest-2028,expected
WebQTest-2029,expected
WebQTest-2030,expected
WebQTest-2031,expected
